/*
SQLyog Ultimate v12.5.1 (64 bit)
MySQL - 10.3.12-MariaDB : Database - pace-system
*********************************************************************
*/

/*!40101 SET NAMES utf8 */;

/*!40101 SET SQL_MODE=''*/;

/*!40014 SET @OLD_UNIQUE_CHECKS=@@UNIQUE_CHECKS, UNIQUE_CHECKS=0 */;
/*!40014 SET @OLD_FOREIGN_KEY_CHECKS=@@FOREIGN_KEY_CHECKS, FOREIGN_KEY_CHECKS=0 */;
/*!40101 SET @OLD_SQL_MODE=@@SQL_MODE, SQL_MODE='NO_AUTO_VALUE_ON_ZERO' */;
/*!40111 SET @OLD_SQL_NOTES=@@SQL_NOTES, SQL_NOTES=0 */;
CREATE DATABASE /*!32312 IF NOT EXISTS*/`pace-system` /*!40100 DEFAULT CHARACTER SET utf8 COLLATE utf8_spanish_ci */;

USE `pace-system`;

/*Table structure for table `tbl_carteles` */

DROP TABLE IF EXISTS `tbl_carteles`;

CREATE TABLE `tbl_carteles` (
  `id_carteles` int(11) NOT NULL AUTO_INCREMENT,
  `nombre_cartel` varchar(150) COLLATE utf8_spanish_ci NOT NULL,
  `archivo_cartel` varchar(150) COLLATE utf8_spanish_ci NOT NULL,
  `visible` int(1) DEFAULT 1,
  PRIMARY KEY (`id_carteles`)
) ENGINE=InnoDB AUTO_INCREMENT=6 DEFAULT CHARSET=utf8 COLLATE=utf8_spanish_ci;

/*Data for the table `tbl_carteles` */

insert  into `tbl_carteles`(`id_carteles`,`nombre_cartel`,`archivo_cartel`,`visible`) values 
(2,'AAFP','4b5c6f3e638c59fcce14bafbb38f237e.pdf',1),
(4,'AHA','bf1c2278f4860c3b6e519c264ac6a472.pdf',1),
(5,'CARTEL 4','9e8bb630bcb88174224e4aef41d499a9.pdf',1);

/*Table structure for table `tbl_cursos` */

DROP TABLE IF EXISTS `tbl_cursos`;

CREATE TABLE `tbl_cursos` (
  `id_curso` int(11) NOT NULL AUTO_INCREMENT,
  `nombre_curso_disciplina` varchar(50) COLLATE utf8_spanish_ci NOT NULL,
  `id_institucion` int(11) NOT NULL,
  `precio_iva` decimal(10,2) DEFAULT NULL,
  `visible` tinyint(1) DEFAULT 1,
  PRIMARY KEY (`id_curso`),
  KEY `id_inst_avaladores` (`id_institucion`),
  CONSTRAINT `tbl_cursos_ibfk_1` FOREIGN KEY (`id_institucion`) REFERENCES `tbl_instituciones` (`id_institucion`)
) ENGINE=InnoDB AUTO_INCREMENT=24 DEFAULT CHARSET=utf8 COLLATE=utf8_spanish_ci;

/*Data for the table `tbl_cursos` */

insert  into `tbl_cursos`(`id_curso`,`nombre_curso_disciplina`,`id_institucion`,`precio_iva`,`visible`) values 
(1,'RCP DEA',1,0.00,1),
(2,'BLS',1,290.00,1),
(3,'ACLS',1,406.00,1),
(4,'PALS',1,406.00,1),
(5,'PEARS',1,406.00,1),
(6,'SALVA CORAZONES',1,175.00,1),
(7,'SALVA CORAZONES RCP DEA',1,203.00,1),
(8,'SALVA CORAZONES PRIMEROS AUXILIOS RCP DEA',1,243.60,1),
(9,'ACLS EP',1,406.00,1),
(10,'PHTLS',2,580.00,1),
(11,'AMLS',2,580.00,1),
(12,'ALSO',3,2610.00,1),
(13,'BLSO',3,1145.00,1),
(14,'BASICO',4,1100.00,1),
(15,'TNCC',5,2088.00,1),
(23,'SOLO CON LAS MANOS',1,0.00,1);

/*Table structure for table `tbl_estados` */

DROP TABLE IF EXISTS `tbl_estados`;

CREATE TABLE `tbl_estados` (
  `id` int(11) NOT NULL,
  `clave` varchar(2) NOT NULL COMMENT 'CVE_ENT - Clave de la entidad',
  `nombre` varchar(40) NOT NULL COMMENT 'NOM_ENT - Nombre de la entidad',
  `abrev` varchar(10) NOT NULL COMMENT 'NOM_ABR - Nombre abreviado de la entidad',
  `visible` tinyint(1) NOT NULL DEFAULT 1,
  PRIMARY KEY (`id`)
) ENGINE=InnoDB DEFAULT CHARSET=utf8 COMMENT='Estados de la República Mexicana';

/*Data for the table `tbl_estados` */

insert  into `tbl_estados`(`id`,`clave`,`nombre`,`abrev`,`visible`) values 
(1,'01','Aguascalientes','Ags.',1),
(2,'02','Baja California','BC',1),
(3,'03','Baja California Sur','BCS',1),
(4,'04','Campeche','Camp.',1),
(5,'05','Coahuila de Zaragoza','Coah.',1),
(6,'06','Colima','Col.',1),
(7,'07','Chiapas','Chis.',1),
(8,'08','Chihuahua','Chih.',1),
(9,'09','Ciudad de México','CDMX',1),
(10,'10','Durango','Dgo.',1),
(11,'11','Guanajuato','Gto.',1),
(12,'12','Guerrero','Gro.',1),
(13,'13','Hidalgo','Hgo.',1),
(14,'14','Jalisco','Jal.',1),
(15,'15','México','Mex.',1),
(16,'16','Michoacán de Ocampo','Mich.',1),
(17,'17','Morelos','Mor.',1),
(18,'18','Nayarit','Nay.',1),
(19,'19','Nuevo León','NL',1),
(20,'20','Oaxaca','Oax.',1),
(21,'21','Puebla','Pue.',1),
(22,'22','Querétaro','Qro.',1),
(23,'23','Quintana Roo','Q. Roo',1),
(24,'24','San Luis Potosí','SLP',1),
(25,'25','Sinaloa','Sin.',1),
(26,'26','Sonora','Son.',1),
(27,'27','Tabasco','Tab.',1),
(28,'28','Tamaulipas','Tamps.',1),
(29,'29','Tlaxcala','Tlax.',1),
(30,'30','Veracruz de Ignacio de la Llave','Ver.',1),
(31,'31','Yucatán','Yuc.',1),
(32,'32','Zacatecas','Zac.',1);

/*Table structure for table `tbl_facturas_cursos` */

DROP TABLE IF EXISTS `tbl_facturas_cursos`;

CREATE TABLE `tbl_facturas_cursos` (
  `id_factura_cursos` int(11) NOT NULL AUTO_INCREMENT,
  `id_usuario` int(11) DEFAULT NULL,
  `cantidad_factura` int(3) DEFAULT NULL,
  `id_curso` int(11) DEFAULT NULL,
  `factura` varchar(150) COLLATE utf8_spanish_ci DEFAULT NULL,
  PRIMARY KEY (`id_factura_cursos`),
  KEY `id_usuario` (`id_usuario`),
  KEY `id_curso` (`id_curso`),
  CONSTRAINT `tbl_facturas_cursos_ibfk_1` FOREIGN KEY (`id_usuario`) REFERENCES `tbl_usuarios` (`id_usuario`),
  CONSTRAINT `tbl_facturas_cursos_ibfk_2` FOREIGN KEY (`id_curso`) REFERENCES `tbl_cursos` (`id_curso`)
) ENGINE=InnoDB DEFAULT CHARSET=utf8 COLLATE=utf8_spanish_ci;

/*Data for the table `tbl_facturas_cursos` */

/*Table structure for table `tbl_instituciones` */

DROP TABLE IF EXISTS `tbl_instituciones`;

CREATE TABLE `tbl_instituciones` (
  `id_institucion` int(11) NOT NULL AUTO_INCREMENT,
  `nombre_completo` varchar(250) COLLATE utf8_spanish_ci DEFAULT NULL,
  `acronimo` varchar(50) COLLATE utf8_spanish_ci DEFAULT NULL,
  `visible` tinyint(1) DEFAULT 1,
  PRIMARY KEY (`id_institucion`)
) ENGINE=InnoDB AUTO_INCREMENT=6 DEFAULT CHARSET=utf8 COLLATE=utf8_spanish_ci;

/*Data for the table `tbl_instituciones` */

insert  into `tbl_instituciones`(`id_institucion`,`nombre_completo`,`acronimo`,`visible`) values 
(1,'American Heart Association','AHA',1),
(2,'National Association of Emergency Medical Technicians','NAEMT',1),
(3,'American Academy of Family Physicians','AAFP',1),
(4,'Pacesono','PACESONO',1),
(5,'Emergency Nurses association','ENA',1);

/*Table structure for table `tbl_instructores` */

DROP TABLE IF EXISTS `tbl_instructores`;

CREATE TABLE `tbl_instructores` (
  `id_instructor` int(11) NOT NULL AUTO_INCREMENT,
  `titulo` varchar(20) COLLATE utf8_spanish_ci DEFAULT NULL,
  `nombre_instructor` varchar(150) COLLATE utf8_spanish_ci NOT NULL,
  `primer_apellido_instructor` varchar(150) COLLATE utf8_spanish_ci NOT NULL,
  `segundo_apellido_instructor` varchar(20) COLLATE utf8_spanish_ci NOT NULL,
  `correo` varchar(150) COLLATE utf8_spanish_ci DEFAULT NULL,
  `telefono` varchar(15) CHARACTER SET utf8 DEFAULT NULL,
  `id_institucion` int(11) NOT NULL,
  `visible` tinyint(1) DEFAULT 1,
  PRIMARY KEY (`id_instructor`),
  KEY `id_inst_avaladores` (`id_institucion`),
  CONSTRAINT `tbl_instructores_ibfk_1` FOREIGN KEY (`id_institucion`) REFERENCES `tbl_instituciones` (`id_institucion`)
) ENGINE=InnoDB AUTO_INCREMENT=355 DEFAULT CHARSET=utf8 COLLATE=utf8_spanish_ci;

/*Data for the table `tbl_instructores` */

insert  into `tbl_instructores`(`id_instructor`,`titulo`,`nombre_instructor`,`primer_apellido_instructor`,`segundo_apellido_instructor`,`correo`,`telefono`,`id_institucion`,`visible`) values 
(1,'﻿Dr.','Ramón César','Rodríguez','Zavala','dr.cesar.rodriguez@hotmail.com','4471111251',4,1),
(2,'Dr.','Abel ','García','Olivo','abel23mj@hotmail.com','8114206120',4,1),
(3,'Dr.','Carlos','Hernández','Rivera','dr_hernandez_gin@hotmail.com','5539732547',4,1),
(4,'Dr.','Daniel Alejandro','León','Aguirre','d.leon02@hotmail.com','4611021095',4,1),
(5,'Dr.','Horacio','Rangel','Villacaña','paopar@hotmail.com','4432276647',4,1),
(8,'﻿E.A.E.C','Alan Josué','Pérez','Reyes','aj.perezr1505@gmail.com','4612182098',5,1),
(9,'E.A.E.C','Alejandro David','Rizo','Velasco','mjjya2101@gmail.com','5522709131',5,1),
(10,'','Victor Javier','Saldivar','Jiménez','bikthorxavyer@gmail.com','',5,1),
(11,'E.A.E.C','Samuel','Gutiérrez','Mendoza','samuel_g23@hotmail.com','5551893333',5,1),
(12,'','Francisca','Ortíz','Carbajal','fanyotix888@gmail.com','5540444773',5,1),
(13,'Lic.','Concepción','Magaña','Hernández','conmaga31@gmail.com','5585865116',5,1),
(14,'','Jorge','García','Camarillo','jorgegarcía1211@hotmail.com','5554947178',5,1),
(15,'','Lizbeth Monserrat','Ruiz','Nicolas','lizbethmruizn@outlook.com','5527575751',5,1),
(16,'','Alejandro','Lozano','Méndez','','5530763400',5,1),
(17,'','Magali Alejandra','González','Reyna','magmaham@gmail.com','4646509689',5,1),
(23,'﻿T.E.M.','Juan Lamberto','Garza','Moreno','tum_lambert@live.com.mx','8126480660',2,1),
(24,'T.E.M.','Orlando Rafael','Bustamante','Morales','orlando_morrison@yahoo.com','4151013685',2,1),
(25,'Dr.','Alejandro','Uribe','Calderón','auribe@udec.edu.mx','4612279139',2,1),
(26,'Dr.','Jesus','Noguez','Vega','drjesusnoguez@gmail.com','2294369387',2,1),
(27,'Dra.','Miriam del Carmen','Cabrera','Aguilar','superpodermimi@hotmail.com','5518246528',2,1),
(28,'Dr.','Oscar Raúl','Rodríguez','Padilla','osrapa45@gmail.com ','4621896021',2,1),
(29,'Dr.','Jaime Huitzilihuitl','Valdez','Gutiérrez','dr.jaime.valdez@gmail.com','5537161220',2,1),
(30,'Dr.','César Raúl','Lucero','Uribe','drlucero150681@gmail.com ','4611360944',2,1),
(38,'﻿Dr.','Luis','Gerardo','Vázquez','luisgerardov@gmail.com','4151146725',3,1),
(39,'Dr.','Carlos','Hernández','Rivera','dr_hernandez_gin@hotmail.com','5539732547',3,1),
(40,'Dr.','Oswaldo','Flores','Baltazar','oswalddo@outlook.com','5517665409',3,1),
(41,'Dr.','Jorge','Rodriguez','Ávalos','roaj1976@gmail.com','3541064404',3,1),
(42,'Dr.','Simón','Santiago','Cuiriz','samsa@live.com.mx','4421561176',3,1),
(43,'Dr.','Francisco','Rojas','Solorio','rosf_gyne@hotmail.com','4611010326',3,1),
(44,'Dra.','Jounnet','Gil','Márquez','jounnetgm@yahoo.com.mx ','55 2909 0604',3,1),
(45,'Dr.','Alberto','Bohórquez','Serrano','albose73@hotmail.com','55 4350 6195',3,1),
(46,'Dr.','Abel','García','Olivo','abel23mj@hotmail.com','8114206120',3,1),
(47,'Dr.','Carlos','Abad','Ortíz','dr.abad73@gmail.com','4151119037',3,1),
(48,'Dr.','Enrique','Trejo','Eroza','enriquetrejoeroza@yahoo.com','5548810082',3,1),
(49,'Dr.','Rubén','Chávez','Delgado','dr_chavezd@hotmail.com','7223884210',3,1),
(50,'Dr.','Roberto','Castrejón','Lugardo','ginecocastrejon@gmail.com','5537070064',3,1),
(51,'Dra.','Consuelo','Áviles','Moran','chelin_2983@hotmail.com','5543623908',3,1),
(52,'Dr.','Guillermo','Barragán','Ramírez','gmobarragan@hotmail.com','',3,1),
(53,'Dr.','Juan','Rivero','Corona','river_jc10@hotmail.com','5548308430',3,1),
(54,'Dra.','Daniela','Medina','Talamantes','','',3,1),
(55,'Dra.','Rocío','Delgadillo','','delgadillo.dase@gmail.com','',3,1),
(56,'Dr.','Arturo','Trinidad','Martinez','atm1084@hotmail.com','5538832552',3,1),
(57,'Dra.','Claudia','Dector','Palma','claudiadectorpalma@gmail.com','',3,1),
(58,'Dra.','Yedid','Medina','Nava','yed.medina@gmail.com','',3,1),
(59,'Mtra.','Lucia','Illescas','Corres','luci-illescas@hotmail.com','5530699969',3,1),
(60,'Mtra.','Magdalena','Laiza','Daniel','daniellaiza@hotmail.com','5512958950',3,1),
(61,'Mtra.','Karina','Dominguez','Omaña','karina_omana@outlook.com','5532971176',3,1),
(62,'Dr.','Rafael Antonio','Nieves','Meneses','snows.rn@gmail.com','5554158949',3,1),
(63,'Dr.','Rodolfo Jesús','Morales','González','docrodolfomorales@yahoo.com.mx','7222452350',3,1),
(64,'Dra.','Graciela Janet','Sierra','García','grasiga7927@hotmail.com','7222513646',3,1),
(65,'Dra.','María Guadalupe','Martínez','León','dr_lupitaml@hotmail.com','4611407539',3,1),
(66,'Dr.','Patricio Manuel','Juárez','Cruz','patojuc@hotmail.com','5543847051',3,1),
(67,'Dra.','Silvia Adriana','Ramirez','Sosa','aivlisadri@hotmail.com','5514779761',3,1),
(68,'Dra.','María Magali','Rosas','Rosales','gestorcalidadtepetlixpa@gmail.com','5580098236',3,1),
(69,'Dra.','Mercedes del Pilar','Goris','','goris14@hotmail.com','5535089077',3,1),
(70,'Dr.','Ramón César','Rodríguez','Zavala','dr.cesar.rodriguez@hotmail.com','4471111251',3,1),
(71,'Dr.','Sergio Iván','Mendez','Mercado','ivanmendez_7@hotmail.com','5532426727',3,1),
(72,'Dra.','Martha Nelly','Zamora','López','green.nelly@hotmail.com','5514973654',3,1),
(73,'Dra.','Ana Luisa','Nieto','Ibarra','analugineco4@yahoo.com.mx','5541443788',3,1),
(74,'Dr.','Fernando','Montes de Oca','','doctorjimenez34@gmail.com','5515109394',3,1),
(75,'Dra.','Jessica Elizabeth','Salazar','Campos','jessica9salazar@hotmail.com','6862271550',3,1),
(76,'Dr.','Diego Humberto','Martínez','Pérez','mc.diegomartinez@hotmail.com','7224310430',3,1),
(77,'Dra.','Paola Rocío','Becerril','Rodríguez','pao_br8@hotmail.com','5568088859',3,1),
(78,'Dr.','Jorge Luis','Lezama','Rubalcava','lezam99@hotmail.com','5532239622',3,1),
(79,'Dra.','Sandra Gabriela','Chávez','García','s_chvez@yahoo.com','33 3171 9782',3,1),
(80,'Dr.','Emmanuel Alejandro','Gamboa','Rojas','gamboa0712@hotmail.com','5566113355',3,1),
(81,'Dra.','Maria Cristina','Juárez','Cabrera','dracristinajuarez@hotmail.com','5534766265',3,1),
(82,'Dra.','Adriana Alejandra','Huerta','Espinosa','aahe77@hotmail.com adriana.alejandra.huerta@pemex.com','5534363894',3,1),
(83,'Dra.','Lizbeth del Carmen','Jara','','lizjara13@gmail.com','8112558527',3,1),
(84,'Dr.','José Manuel','Marquez','Sandoval','josman1112@hotmail.com','5591876948',3,1),
(85,'Dr.','German Gabriel','Palacios','López','germanpalaciosl@hotmail.com','5549060765',3,1),
(86,'Dr.','José Humberto','Campos','Masariegos','jhomaz2711@gmail.com','5535089077',3,1),
(87,'Dra.','María Luisa','Cantú','Tenorio','dra.maria_luisa_cantu_tenorio@hotmail.com','9935900496',3,1),
(88,'Dra.','Claudia Elvira','Mendoza','Carrera','clau_mendozac@me.com','',3,1),
(89,'Dr.','Julio César','Rivera','Vargas','garu_yo@hotmail.com','55 7007 6826',3,1),
(90,'Dra.','Sherilinne Paola','Quiles','Lopez','sherilinne@gmail.com','3321549031',3,1),
(91,'Dra.','Lourdes Vianey','Saldivar','Estrada','vichigua@hotmail.com','5570946125',3,1),
(228,'﻿Dr.','Abel','García','Olivo','abel23mj@hotmail.com','8114206120',1,1),
(229,'E.A.E.C','Alan Josué','Pérez','Reyes','aj.perezr1505@gmail.com','4612182098',1,1),
(230,'E.A.E.C','Alejandro David','Rizo','Velasco','mjjya2101@gmail.com','55 2270 9131',1,1),
(231,'Dr.','Alejandro','Uribe','Calderón','auribe@udec.edu.mx','461 227 9139',1,1),
(232,'Dr.','Alfreso','Álvarez','Medina','alfredo.alvarezmd@gmail.com','462 177 2576',1,1),
(233,'Dra.','Alma Fabiola','Soto','Torres','afst50@gmail.com','462 107 6704',1,1),
(234,'Lic.','Ana Monserrat','Moar','Huerta','montse.moar@live.com.mx','449 151 7678',1,1),
(235,'E.E.C.I','Aracelí','Romero','Vivaldo','zdiminut5@hotmail.com','222 189 9337',1,1),
(236,'Dra.','Ariadna','Luna','Vela','gatofitsu@hotmail.com','55 4024 4182',1,1),
(237,'Dra.','Bruneth Viridiana','Carbajal','Castillo','viris_06@msn.com','461 145 7204',1,1),
(238,'Dr.','Carlos Albarto','Vázquez','Martínez','carlosvazmtz@gmail.com','81 1044 9794',1,1),
(239,'Dr.','Carlos Daniel','Molina','Ordoñez','maguadam@hotmail.com','417 102 0428',1,1),
(240,'Dr.','César Antonio','Ramos','Ortíz','cramosortiz@yahoo.com','8112563443',1,1),
(241,'Dr.','César Raúl','Lucero','Uribe','drlucero150681@gmail.com','461 136 0944',1,1),
(242,'Dr.','Cuauhtemoc','Ramírez','Silva','alfatemo@yahoo.com','452 1216 498',1,1),
(243,'Dr.','Daniel','López','Gutiérrez','daniellopezgtz@hotmail.com','55 3141 9752',1,1),
(244,'Dr.','David José','Reyes','Rivas','doctordavidzamna9@hotmail.com','492 124 1640',1,1),
(245,'Dra.','Dulce Maria','Juarez','Becerril','dulce_medicina@hotmail.com','4773012089',1,1),
(246,'Dr.','Erik','Ramírez','Guardián','pez-lucro@hotmail.com','462 107 3467',1,1),
(247,'E.A.E.C','Eduardo','Ramírez','Romero','pino_12_18@hotmail.com','55 4514 4348',1,1),
(248,'Dra.','Elizabeth Nalleli','Bejar','Murillo','eliza_bm@outloo.es','443 107 1707',1,1),
(249,'Dra.','Gina','Soto','López','gsoto73@gmail.com','722 572 3165',1,1),
(250,'TSU','Gustavo','Ibarra','Esparza','lpcegustavoibarra@gmail.com','449 115 0486',1,1),
(251,'Dr.','Inti Ernesto','Bocanegra','Cedillo','inti_ebc@hotmail.com','81 1212 0969',1,1),
(252,'Dr.','Jaime Huitzilihuitl','Valdez','Gutiérrez','dr.jaime.valdez@gmail.com','55 3716 1220',1,1),
(253,'Dr.','Javier','Eliseo','Hernández','javier5.7e@hotmail.com','669 166 3789',1,1),
(254,'Dr.','Javier','Ortíz','Galindo','drjavierortizumq@hotmail.com','722 314 2005',1,1),
(255,'Dr.','Jesus','Noguez','Vega','drjesusnoguez@gmail.com','229 436 9387',1,1),
(256,'Dr.','José Antonio','Luviano','García','luvianomex@gmail.com','81 8366 0285',1,1),
(257,'CP','José Arturo','Rodríguez','Arellano','roaa680321@hotmail.com','415 112 8806',1,1),
(258,'Dr.','José Luis Antonio','Silva','Renteria','dr_silva@hotmail.com','477 724 0815',1,1),
(259,'T.E.M.','José Luis','Salazar','Cruz','ciesalazar@gmail.com','418 101 3088',1,1),
(260,'Dr.','José Marcelino','Chávez','García','marcelino347@hotmail.com','81 2038 3882',1,1),
(261,'Dr.','José Ramón','Álvarez','Barranco','dr.joseramon@hotmail.com','222 463 2497',1,1),
(262,'Dr.','José Roberto','Rodríguez','López','rorol82@hotmail.com','462 160 7188',1,1),
(263,'T.E.M.','Juan Lamberto','Garza','Moreno','tum_lambert@live.com.mx','81 2648 0660',1,1),
(264,'Dr.','Victor Ulises','Bello','Bautista','vubb_2909_umq@hotmail.com','241 419 2027',1,1),
(265,'Dra.','Leslie Shantal','Velarde','Borjas','les_velarde@hotmail.com','81 2000 8525',1,1),
(266,'Dra.','Lilia Hortensia','Baruch','Hernández','liliabaruch@yahoo.com.mx','8182800592',1,1),
(267,'Lic.','Luis Fernando','Arenas','Chávez','arenas.l.f.chavez@gmail.com','449 107 7329',1,1),
(268,'Dr.','Luis','Gerardo','Vázquez','luisgerardov@gmail.com','415 114 6725',1,1),
(269,'Lic.','Magdalena','Sierra','Pacheco','magsierra81@gmail.com','55 4188 8468',1,1),
(270,'Dra.','Julia Esther','Méndez','Guevara','ailujmg_7@hotmail.com','241 131 9238',1,1),
(271,'Dra.','María Guadalupe','Martínez','León','dr_lupitaml@hotmail.com','461 140 7539',1,1),
(272,'T.E.M.','Martín','Rosas','López','martin.rosas@udec.edu.mx','461 212 3942',1,1),
(273,'Dra.','Miriam del Carmen','Cabrera','Aguilar','superpodermimi@hotmail.com','55 1824 6528',1,1),
(274,'Dra.','Mónica Andrea','Obregón','Tarazona','mo.obregont@gmail.com','442 365 8314',1,1),
(275,'Dr.','Margarito','Cortes','Mesa','cormm_86@hotmail.com','241 120 2990',1,1),
(276,'Dra.','Norma Edith','Oliva','Sosa','neos.91@hotmail.com','81 1483 9414',1,1),
(277,'T.E.M.','Orlando Rafael','Bustamante','Morales','orlando_morrison@yahoo.com','415 101 3685',1,1),
(278,'Dr.','Oscar','Radíguez','Padilla','osrapa45@gmail.com','462 189 6021',1,1),
(279,'Dra.','Patricia','Ortega','León','eskimo_leon45@hotmail.es','4521113929',1,1),
(280,'Dra.','Penelope','Sánchez','Campa','dra.penelopesc@gmail.com','55 4235 3102',1,1),
(281,'Dr.','Rene','Ortega','León','nalu.rosa@hotmail.com','4521114219',1,1),
(282,'Dr.','Ricardo','Cruz','Silva','seth.odracir@gmail.com','449 106 6728',1,1),
(283,'Dr.','Nestor','Sánchez','Sánchez','nssresucitacion@gmail.com','248 102 4141',1,1),
(284,'Dr.','Sergio','Zapotitla','Tenango','sergioz_sk@hotmail.com','735 144 9980',1,1),
(285,'Dra.','Stanley','Gil','García','STANLEY-GIL@hotmail.com','639 114 5799',1,1),
(286,'Dr.','Tzintzun Oscar','Aguiar','Magaña','tzin1980@hotmail.com','452 154 73 01',1,1),
(287,'Dra.','Velia Nallely','Rangel','González','nallerangoo@gmail.com','449 904 9562',1,1),
(288,'Dra.','Samantha','Toledo','García','sammyaimer77@gmail.com','',1,1),
(289,'T.U.M.','Viridiana de la Luz','Gutiérrez','Mulato','vluzmulato.vg@gmail.com','415 118 1346',1,1),
(290,'Dr.','Wilfrido','Ramíez','Hernández','willyramher57@gmail.com','722 175 6966',1,1),
(291,'Dra.','Yunohem Karla Chong','Tay','Prieto','ykchp76@gmail.com','771 793 1730',1,1),
(292,'Lic.','Zoila','Crisanto','Ramírez','angelsoul_1901@hotmail.com','81 3120 7105',1,1),
(293,'','Luis Vicente','Gomez','Bañuelos','','',1,1),
(294,'','Julio César','Moreno','Sánchez','','',1,1),
(295,'','Esmeralda','Solis','Gómez','','',1,1),
(296,'','Pedro Luis','Dueñas','Flores','','',1,1);

/*Table structure for table `tbl_municipios` */

DROP TABLE IF EXISTS `tbl_municipios`;

CREATE TABLE `tbl_municipios` (
  `id` int(11) NOT NULL,
  `estado_id` int(11) NOT NULL COMMENT 'Relación: estados -> id',
  `clave` varchar(3) NOT NULL COMMENT 'CVE_MUN – Clave del municipio',
  `nombre` varchar(100) NOT NULL COMMENT 'NOM_MUN – Nombre del municipio',
  `visible` tinyint(1) NOT NULL DEFAULT 1,
  PRIMARY KEY (`id`),
  KEY `estado_id` (`estado_id`),
  CONSTRAINT `tbl_municipios_ibfk_1` FOREIGN KEY (`estado_id`) REFERENCES `tbl_estados` (`id`)
) ENGINE=InnoDB DEFAULT CHARSET=utf8 COMMENT='Municipios de la República Mexicana';

/*Data for the table `tbl_municipios` */

insert  into `tbl_municipios`(`id`,`estado_id`,`clave`,`nombre`,`visible`) values 
(1,1,'001','Aguascalientes',1),
(2,1,'002','Asientos',1),
(3,1,'003','Calvillo',1),
(4,1,'004','Cosío',1),
(5,1,'005','Jesús María',1),
(6,1,'006','Pabellón de Arteaga',1),
(7,1,'007','Rincón de Romos',1),
(8,1,'008','San José de Gracia',1),
(9,1,'009','Tepezalá',1),
(10,1,'010','El Llano',1),
(11,1,'011','San Francisco de los Romo',1),
(12,2,'001','Ensenada',1),
(13,2,'002','Mexicali',1),
(14,2,'003','Tecate',1),
(15,2,'004','Tijuana',1),
(16,2,'005','Playas de Rosarito',1),
(17,3,'001','Comondú',1),
(18,3,'002','Mulegé',1),
(19,3,'003','La Paz',1),
(20,3,'008','Los Cabos',1),
(21,3,'009','Loreto',1),
(22,4,'001','Calkiní',1),
(23,4,'002','Campeche',1),
(24,4,'003','Carmen',1),
(25,4,'004','Champotón',1),
(26,4,'005','Hecelchakán',1),
(27,4,'006','Hopelchén',1),
(28,4,'007','Palizada',1),
(29,4,'008','Tenabo',1),
(30,4,'009','Escárcega',1),
(31,4,'010','Calakmul',1),
(32,4,'011','Candelaria',1),
(33,5,'001','Abasolo',1),
(34,5,'002','Acuña',1),
(35,5,'003','Allende',1),
(36,5,'004','Arteaga',1),
(37,5,'005','Candela',1),
(38,5,'006','Castaños',1),
(39,5,'007','Cuatro Ciénegas',1),
(40,5,'008','Escobedo',1),
(41,5,'009','Francisco I. Madero',1),
(42,5,'010','Frontera',1),
(43,5,'011','General Cepeda',1),
(44,5,'012','Guerrero',1),
(45,5,'013','Hidalgo',1),
(46,5,'014','Jiménez',1),
(47,5,'015','Juárez',1),
(48,5,'016','Lamadrid',1),
(49,5,'017','Matamoros',1),
(50,5,'018','Monclova',1),
(51,5,'019','Morelos',1),
(52,5,'020','Múzquiz',1),
(53,5,'021','Nadadores',1),
(54,5,'022','Nava',1),
(55,5,'023','Ocampo',1),
(56,5,'024','Parras',1),
(57,5,'025','Piedras Negras',1),
(58,5,'026','Progreso',1),
(59,5,'027','Ramos Arizpe',1),
(60,5,'028','Sabinas',1),
(61,5,'029','Sacramento',1),
(62,5,'030','Saltillo',1),
(63,5,'031','San Buenaventura',1),
(64,5,'032','San Juan de Sabinas',1),
(65,5,'033','San Pedro',1),
(66,5,'034','Sierra Mojada',1),
(67,5,'035','Torreón',1),
(68,5,'036','Viesca',1),
(69,5,'037','Villa Unión',1),
(70,5,'038','Zaragoza',1),
(71,6,'001','Armería',1),
(72,6,'002','Colima',1),
(73,6,'003','Comala',1),
(74,6,'004','Coquimatlán',1),
(75,6,'005','Cuauhtémoc',1),
(76,6,'006','Ixtlahuacán',1),
(77,6,'007','Manzanillo',1),
(78,6,'008','Minatitlán',1),
(79,6,'009','Tecomán',1),
(80,6,'010','Villa de Álvarez',1),
(81,7,'001','Acacoyagua',1),
(82,7,'002','Acala',1),
(83,7,'003','Acapetahua',1),
(84,7,'004','Altamirano',1),
(85,7,'005','Amatán',1),
(86,7,'006','Amatenango de la Frontera',1),
(87,7,'007','Amatenango del Valle',1),
(88,7,'008','Angel Albino Corzo',1),
(89,7,'009','Arriaga',1),
(90,7,'010','Bejucal de Ocampo',1),
(91,7,'011','Bella Vista',1),
(92,7,'012','Berriozábal',1),
(93,7,'013','Bochil',1),
(94,7,'014','El Bosque',1),
(95,7,'015','Cacahoatán',1),
(96,7,'016','Catazajá',1),
(97,7,'017','Cintalapa',1),
(98,7,'018','Coapilla',1),
(99,7,'019','Comitán de Domínguez',1),
(100,7,'020','La Concordia',1),
(101,7,'021','Copainalá',1),
(102,7,'022','Chalchihuitán',1),
(103,7,'023','Chamula',1),
(104,7,'024','Chanal',1),
(105,7,'025','Chapultenango',1),
(106,7,'026','Chenalhó',1),
(107,7,'027','Chiapa de Corzo',1),
(108,7,'028','Chiapilla',1),
(109,7,'029','Chicoasén',1),
(110,7,'030','Chicomuselo',1),
(111,7,'031','Chilón',1),
(112,7,'032','Escuintla',1),
(113,7,'033','Francisco León',1),
(114,7,'034','Frontera Comalapa',1),
(115,7,'035','Frontera Hidalgo',1),
(116,7,'036','La Grandeza',1),
(117,7,'037','Huehuetán',1),
(118,7,'038','Huixtán',1),
(119,7,'039','Huitiupán',1),
(120,7,'040','Huixtla',1),
(121,7,'041','La Independencia',1),
(122,7,'042','Ixhuatán',1),
(123,7,'043','Ixtacomitán',1),
(124,7,'044','Ixtapa',1),
(125,7,'045','Ixtapangajoya',1),
(126,7,'046','Jiquipilas',1),
(127,7,'047','Jitotol',1),
(128,7,'048','Juárez',1),
(129,7,'049','Larráinzar',1),
(130,7,'050','La Libertad',1),
(131,7,'051','Mapastepec',1),
(132,7,'052','Las Margaritas',1),
(133,7,'053','Mazapa de Madero',1),
(134,7,'054','Mazatán',1),
(135,7,'055','Metapa',1),
(136,7,'056','Mitontic',1),
(137,7,'057','Motozintla',1),
(138,7,'058','Nicolás Ruíz',1),
(139,7,'059','Ocosingo',1),
(140,7,'060','Ocotepec',1),
(141,7,'061','Ocozocoautla de Espinosa',1),
(142,7,'062','Ostuacán',1),
(143,7,'063','Osumacinta',1),
(144,7,'064','Oxchuc',1),
(145,7,'065','Palenque',1),
(146,7,'066','Pantelhó',1),
(147,7,'067','Pantepec',1),
(148,7,'068','Pichucalco',1),
(149,7,'069','Pijijiapan',1),
(150,7,'070','El Porvenir',1),
(151,7,'071','Villa Comaltitlán',1),
(152,7,'072','Pueblo Nuevo Solistahuacán',1),
(153,7,'073','Rayón',1),
(154,7,'074','Reforma',1),
(155,7,'075','Las Rosas',1),
(156,7,'076','Sabanilla',1),
(157,7,'077','Salto de Agua',1),
(158,7,'078','San Cristóbal de las Casas',1),
(159,7,'079','San Fernando',1),
(160,7,'080','Siltepec',1),
(161,7,'081','Simojovel',1),
(162,7,'082','Sitalá',1),
(163,7,'083','Socoltenango',1),
(164,7,'084','Solosuchiapa',1),
(165,7,'085','Soyaló',1),
(166,7,'086','Suchiapa',1),
(167,7,'087','Suchiate',1),
(168,7,'088','Sunuapa',1),
(169,7,'089','Tapachula',1),
(170,7,'090','Tapalapa',1),
(171,7,'091','Tapilula',1),
(172,7,'092','Tecpatán',1),
(173,7,'093','Tenejapa',1),
(174,7,'094','Teopisca',1),
(175,7,'096','Tila',1),
(176,7,'097','Tonalá',1),
(177,7,'098','Totolapa',1),
(178,7,'099','La Trinitaria',1),
(179,7,'100','Tumbalá',1),
(180,7,'101','Tuxtla Gutiérrez',1),
(181,7,'102','Tuxtla Chico',1),
(182,7,'103','Tuzantán',1),
(183,7,'104','Tzimol',1),
(184,7,'105','Unión Juárez',1),
(185,7,'106','Venustiano Carranza',1),
(186,7,'107','Villa Corzo',1),
(187,7,'108','Villaflores',1),
(188,7,'109','Yajalón',1),
(189,7,'110','San Lucas',1),
(190,7,'111','Zinacantán',1),
(191,7,'112','San Juan Cancuc',1),
(192,7,'113','Aldama',1),
(193,7,'114','Benemérito de las Américas',1),
(194,7,'115','Maravilla Tenejapa',1),
(195,7,'116','Marqués de Comillas',1),
(196,7,'117','Montecristo de Guerrero',1),
(197,7,'118','San Andrés Duraznal',1),
(198,7,'119','Santiago el Pinar',1),
(199,7,'120','Capitán Luis Ángel Vidal',1),
(200,7,'121','Rincón Chamula San Pedro',1),
(201,7,'122','El Parral',1),
(202,7,'123','Emiliano Zapata',1),
(203,7,'124','Mezcalapa',1),
(204,8,'001','Ahumada',1),
(205,8,'002','Aldama',1),
(206,8,'003','Allende',1),
(207,8,'004','Aquiles Serdán',1),
(208,8,'005','Ascensión',1),
(209,8,'006','Bachíniva',1),
(210,8,'007','Balleza',1),
(211,8,'008','Batopilas de Manuel Gómez Morín',1),
(212,8,'009','Bocoyna',1),
(213,8,'010','Buenaventura',1),
(214,8,'011','Camargo',1),
(215,8,'012','Carichí',1),
(216,8,'013','Casas Grandes',1),
(217,8,'014','Coronado',1),
(218,8,'015','Coyame del Sotol',1),
(219,8,'016','La Cruz',1),
(220,8,'017','Cuauhtémoc',1),
(221,8,'018','Cusihuiriachi',1),
(222,8,'019','Chihuahua',1),
(223,8,'020','Chínipas',1),
(224,8,'021','Delicias',1),
(225,8,'022','Dr. Belisario Domínguez',1),
(226,8,'023','Galeana',1),
(227,8,'024','Santa Isabel',1),
(228,8,'025','Gómez Farías',1),
(229,8,'026','Gran Morelos',1),
(230,8,'027','Guachochi',1),
(231,8,'028','Guadalupe',1),
(232,8,'029','Guadalupe y Calvo',1),
(233,8,'030','Guazapares',1),
(234,8,'031','Guerrero',1),
(235,8,'032','Hidalgo del Parral',1),
(236,8,'033','Huejotitán',1),
(237,8,'034','Ignacio Zaragoza',1),
(238,8,'035','Janos',1),
(239,8,'036','Jiménez',1),
(240,8,'037','Juárez',1),
(241,8,'038','Julimes',1),
(242,8,'039','López',1),
(243,8,'040','Madera',1),
(244,8,'041','Maguarichi',1),
(245,8,'042','Manuel Benavides',1),
(246,8,'043','Matachí',1),
(247,8,'044','Matamoros',1),
(248,8,'045','Meoqui',1),
(249,8,'046','Morelos',1),
(250,8,'047','Moris',1),
(251,8,'048','Namiquipa',1),
(252,8,'049','Nonoava',1),
(253,8,'050','Nuevo Casas Grandes',1),
(254,8,'051','Ocampo',1),
(255,8,'052','Ojinaga',1),
(256,8,'053','Praxedis G. Guerrero',1),
(257,8,'054','Riva Palacio',1),
(258,8,'055','Rosales',1),
(259,8,'056','Rosario',1),
(260,8,'057','San Francisco de Borja',1),
(261,8,'058','San Francisco de Conchos',1),
(262,8,'059','San Francisco del Oro',1),
(263,8,'060','Santa Bárbara',1),
(264,8,'061','Satevó',1),
(265,8,'062','Saucillo',1),
(266,8,'063','Temósachic',1),
(267,8,'064','El Tule',1),
(268,8,'065','Urique',1),
(269,8,'066','Uruachi',1),
(270,8,'067','Valle de Zaragoza',1),
(271,9,'002','Azcapotzalco',1),
(272,9,'003','Coyoacán',1),
(273,9,'004','Cuajimalpa de Morelos',1),
(274,9,'005','Gustavo A. Madero',1),
(275,9,'006','Iztacalco',1),
(276,9,'007','Iztapalapa',1),
(277,9,'008','La Magdalena Contreras',1),
(278,9,'009','Milpa Alta',1),
(279,9,'010','Álvaro Obregón',1),
(280,9,'011','Tláhuac',1),
(281,9,'012','Tlalpan',1),
(282,9,'013','Xochimilco',1),
(283,9,'014','Benito Juárez',1),
(284,9,'015','Cuauhtémoc',1),
(285,9,'016','Miguel Hidalgo',1),
(286,9,'017','Venustiano Carranza',1),
(287,10,'001','Canatlán',1),
(288,10,'002','Canelas',1),
(289,10,'003','Coneto de Comonfort',1),
(290,10,'004','Cuencamé',1),
(291,10,'005','Durango',1),
(292,10,'006','General Simón Bolívar',1),
(293,10,'007','Gómez Palacio',1),
(294,10,'008','Guadalupe Victoria',1),
(295,10,'009','Guanaceví',1),
(296,10,'010','Hidalgo',1),
(297,10,'011','Indé',1),
(298,10,'012','Lerdo',1),
(299,10,'013','Mapimí',1),
(300,10,'014','Mezquital',1),
(301,10,'015','Nazas',1),
(302,10,'016','Nombre de Dios',1),
(303,10,'017','Ocampo',1),
(304,10,'018','El Oro',1),
(305,10,'019','Otáez',1),
(306,10,'020','Pánuco de Coronado',1),
(307,10,'021','Peñón Blanco',1),
(308,10,'022','Poanas',1),
(309,10,'023','Pueblo Nuevo',1),
(310,10,'024','Rodeo',1),
(311,10,'025','San Bernardo',1),
(312,10,'026','San Dimas',1),
(313,10,'027','San Juan de Guadalupe',1),
(314,10,'028','San Juan del Río',1),
(315,10,'029','San Luis del Cordero',1),
(316,10,'030','San Pedro del Gallo',1),
(317,10,'031','Santa Clara',1),
(318,10,'032','Santiago Papasquiaro',1),
(319,10,'033','Súchil',1),
(320,10,'034','Tamazula',1),
(321,10,'035','Tepehuanes',1),
(322,10,'036','Tlahualilo',1),
(323,10,'037','Topia',1),
(324,10,'038','Vicente Guerrero',1),
(325,10,'039','Nuevo Ideal',1),
(326,11,'001','Abasolo',1),
(327,11,'002','Acámbaro',1),
(328,11,'003','San Miguel de Allende',1),
(329,11,'004','Apaseo el Alto',1),
(330,11,'005','Apaseo el Grande',1),
(331,11,'006','Atarjea',1),
(332,11,'007','Celaya',1),
(333,11,'008','Manuel Doblado',1),
(334,11,'009','Comonfort',1),
(335,11,'010','Coroneo',1),
(336,11,'011','Cortazar',1),
(337,11,'012','Cuerámaro',1),
(338,11,'013','Doctor Mora',1),
(339,11,'014','Dolores Hidalgo Cuna de la Independencia Nacional',1),
(340,11,'015','Guanajuato',1),
(341,11,'016','Huanímaro',1),
(342,11,'017','Irapuato',1),
(343,11,'018','Jaral del Progreso',1),
(344,11,'019','Jerécuaro',1),
(345,11,'020','León',1),
(346,11,'021','Moroleón',1),
(347,11,'022','Ocampo',1),
(348,11,'023','Pénjamo',1),
(349,11,'024','Pueblo Nuevo',1),
(350,11,'025','Purísima del Rincón',1),
(351,11,'026','Romita',1),
(352,11,'027','Salamanca',1),
(353,11,'028','Salvatierra',1),
(354,11,'029','San Diego de la Unión',1),
(355,11,'030','San Felipe',1),
(356,11,'031','San Francisco del Rincón',1),
(357,11,'032','San José Iturbide',1),
(358,11,'033','San Luis de la Paz',1),
(359,11,'034','Santa Catarina',1),
(360,11,'035','Santa Cruz de Juventino Rosas',1),
(361,11,'036','Santiago Maravatío',1),
(362,11,'037','Silao de la Victoria',1),
(363,11,'038','Tarandacuao',1),
(364,11,'039','Tarimoro',1),
(365,11,'040','Tierra Blanca',1),
(366,11,'041','Uriangato',1),
(367,11,'042','Valle de Santiago',1),
(368,11,'043','Victoria',1),
(369,11,'044','Villagrán',1),
(370,11,'045','Xichú',1),
(371,11,'046','Yuriria',1),
(372,12,'001','Acapulco de Juárez',1),
(373,12,'002','Ahuacuotzingo',1),
(374,12,'003','Ajuchitlán del Progreso',1),
(375,12,'004','Alcozauca de Guerrero',1),
(376,12,'005','Alpoyeca',1),
(377,12,'006','Apaxtla',1),
(378,12,'007','Arcelia',1),
(379,12,'008','Atenango del Río',1),
(380,12,'009','Atlamajalcingo del Monte',1),
(381,12,'010','Atlixtac',1),
(382,12,'011','Atoyac de Álvarez',1),
(383,12,'012','Ayutla de los Libres',1),
(384,12,'013','Azoyú',1),
(385,12,'014','Benito Juárez',1),
(386,12,'015','Buenavista de Cuéllar',1),
(387,12,'016','Coahuayutla de José María Izazaga',1),
(388,12,'017','Cocula',1),
(389,12,'018','Copala',1),
(390,12,'019','Copalillo',1),
(391,12,'020','Copanatoyac',1),
(392,12,'021','Coyuca de Benítez',1),
(393,12,'022','Coyuca de Catalán',1),
(394,12,'023','Cuajinicuilapa',1),
(395,12,'024','Cualác',1),
(396,12,'025','Cuautepec',1),
(397,12,'026','Cuetzala del Progreso',1),
(398,12,'027','Cutzamala de Pinzón',1),
(399,12,'028','Chilapa de Álvarez',1),
(400,12,'029','Chilpancingo de los Bravo',1),
(401,12,'030','Florencio Villarreal',1),
(402,12,'031','General Canuto A. Neri',1),
(403,12,'032','General Heliodoro Castillo',1),
(404,12,'033','Huamuxtitlán',1),
(405,12,'034','Huitzuco de los Figueroa',1),
(406,12,'035','Iguala de la Independencia',1),
(407,12,'036','Igualapa',1),
(408,12,'037','Ixcateopan de Cuauhtémoc',1),
(409,12,'038','Zihuatanejo de Azueta',1),
(410,12,'039','Juan R. Escudero',1),
(411,12,'040','Leonardo Bravo',1),
(412,12,'041','Malinaltepec',1),
(413,12,'042','Mártir de Cuilapan',1),
(414,12,'043','Metlatónoc',1),
(415,12,'044','Mochitlán',1),
(416,12,'045','Olinalá',1),
(417,12,'046','Ometepec',1),
(418,12,'047','Pedro Ascencio Alquisiras',1),
(419,12,'048','Petatlán',1),
(420,12,'049','Pilcaya',1),
(421,12,'050','Pungarabato',1),
(422,12,'051','Quechultenango',1),
(423,12,'052','San Luis Acatlán',1),
(424,12,'053','San Marcos',1),
(425,12,'054','San Miguel Totolapan',1),
(426,12,'055','Taxco de Alarcón',1),
(427,12,'056','Tecoanapa',1),
(428,12,'057','Técpan de Galeana',1),
(429,12,'058','Teloloapan',1),
(430,12,'059','Tepecoacuilco de Trujano',1),
(431,12,'060','Tetipac',1),
(432,12,'061','Tixtla de Guerrero',1),
(433,12,'062','Tlacoachistlahuaca',1),
(434,12,'063','Tlacoapa',1),
(435,12,'064','Tlalchapa',1),
(436,12,'065','Tlalixtaquilla de Maldonado',1),
(437,12,'066','Tlapa de Comonfort',1),
(438,12,'067','Tlapehuala',1),
(439,12,'068','La Unión de Isidoro Montes de Oca',1),
(440,12,'069','Xalpatláhuac',1),
(441,12,'070','Xochihuehuetlán',1),
(442,12,'071','Xochistlahuaca',1),
(443,12,'072','Zapotitlán Tablas',1),
(444,12,'073','Zirándaro',1),
(445,12,'074','Zitlala',1),
(446,12,'075','Eduardo Neri',1),
(447,12,'076','Acatepec',1),
(448,12,'077','Marquelia',1),
(449,12,'078','Cochoapa el Grande',1),
(450,12,'079','José Joaquín de Herrera',1),
(451,12,'080','Juchitán',1),
(452,12,'081','Iliatenco',1),
(453,13,'001','Acatlán',1),
(454,13,'002','Acaxochitlán',1),
(455,13,'003','Actopan',1),
(456,13,'004','Agua Blanca de Iturbide',1),
(457,13,'005','Ajacuba',1),
(458,13,'006','Alfajayucan',1),
(459,13,'007','Almoloya',1),
(460,13,'008','Apan',1),
(461,13,'009','El Arenal',1),
(462,13,'010','Atitalaquia',1),
(463,13,'011','Atlapexco',1),
(464,13,'012','Atotonilco el Grande',1),
(465,13,'013','Atotonilco de Tula',1),
(466,13,'014','Calnali',1),
(467,13,'015','Cardonal',1),
(468,13,'016','Cuautepec de Hinojosa',1),
(469,13,'017','Chapantongo',1),
(470,13,'018','Chapulhuacán',1),
(471,13,'019','Chilcuautla',1),
(472,13,'020','Eloxochitlán',1),
(473,13,'021','Emiliano Zapata',1),
(474,13,'022','Epazoyucan',1),
(475,13,'023','Francisco I. Madero',1),
(476,13,'024','Huasca de Ocampo',1),
(477,13,'025','Huautla',1),
(478,13,'026','Huazalingo',1),
(479,13,'027','Huehuetla',1),
(480,13,'028','Huejutla de Reyes',1),
(481,13,'029','Huichapan',1),
(482,13,'030','Ixmiquilpan',1),
(483,13,'031','Jacala de Ledezma',1),
(484,13,'032','Jaltocán',1),
(485,13,'033','Juárez Hidalgo',1),
(486,13,'034','Lolotla',1),
(487,13,'035','Metepec',1),
(488,13,'036','San Agustín Metzquititlán',1),
(489,13,'037','Metztitlán',1),
(490,13,'038','Mineral del Chico',1),
(491,13,'039','Mineral del Monte',1),
(492,13,'040','La Misión',1),
(493,13,'041','Mixquiahuala de Juárez',1),
(494,13,'042','Molango de Escamilla',1),
(495,13,'043','Nicolás Flores',1),
(496,13,'044','Nopala de Villagrán',1),
(497,13,'045','Omitlán de Juárez',1),
(498,13,'046','San Felipe Orizatlán',1),
(499,13,'047','Pacula',1),
(500,13,'048','Pachuca de Soto',1),
(501,13,'049','Pisaflores',1),
(502,13,'050','Progreso de Obregón',1),
(503,13,'051','Mineral de la Reforma',1),
(504,13,'052','San Agustín Tlaxiaca',1),
(505,13,'053','San Bartolo Tutotepec',1),
(506,13,'054','San Salvador',1),
(507,13,'055','Santiago de Anaya',1),
(508,13,'056','Santiago Tulantepec de Lugo Guerrero',1),
(509,13,'057','Singuilucan',1),
(510,13,'058','Tasquillo',1),
(511,13,'059','Tecozautla',1),
(512,13,'060','Tenango de Doria',1),
(513,13,'061','Tepeapulco',1),
(514,13,'062','Tepehuacán de Guerrero',1),
(515,13,'063','Tepeji del Río de Ocampo',1),
(516,13,'064','Tepetitlán',1),
(517,13,'065','Tetepango',1),
(518,13,'066','Villa de Tezontepec',1),
(519,13,'067','Tezontepec de Aldama',1),
(520,13,'068','Tianguistengo',1),
(521,13,'069','Tizayuca',1),
(522,13,'070','Tlahuelilpan',1),
(523,13,'071','Tlahuiltepa',1),
(524,13,'072','Tlanalapa',1),
(525,13,'073','Tlanchinol',1),
(526,13,'074','Tlaxcoapan',1),
(527,13,'075','Tolcayuca',1),
(528,13,'076','Tula de Allende',1),
(529,13,'077','Tulancingo de Bravo',1),
(530,13,'078','Xochiatipan',1),
(531,13,'079','Xochicoatlán',1),
(532,13,'080','Yahualica',1),
(533,13,'081','Zacualtipán de Ángeles',1),
(534,13,'082','Zapotlán de Juárez',1),
(535,13,'083','Zempoala',1),
(536,13,'084','Zimapán',1),
(537,14,'001','Acatic',1),
(538,14,'002','Acatlán de Juárez',1),
(539,14,'003','Ahualulco de Mercado',1),
(540,14,'004','Amacueca',1),
(541,14,'005','Amatitán',1),
(542,14,'006','Ameca',1),
(543,14,'007','San Juanito de Escobedo',1),
(544,14,'008','Arandas',1),
(545,14,'009','El Arenal',1),
(546,14,'010','Atemajac de Brizuela',1),
(547,14,'011','Atengo',1),
(548,14,'012','Atenguillo',1),
(549,14,'013','Atotonilco el Alto',1),
(550,14,'014','Atoyac',1),
(551,14,'015','Autlán de Navarro',1),
(552,14,'016','Ayotlán',1),
(553,14,'017','Ayutla',1),
(554,14,'018','La Barca',1),
(555,14,'019','Bolaños',1),
(556,14,'020','Cabo Corrientes',1),
(557,14,'021','Casimiro Castillo',1),
(558,14,'022','Cihuatlán',1),
(559,14,'023','Zapotlán el Grande',1),
(560,14,'024','Cocula',1),
(561,14,'025','Colotlán',1),
(562,14,'026','Concepción de Buenos Aires',1),
(563,14,'027','Cuautitlán de García Barragán',1),
(564,14,'028','Cuautla',1),
(565,14,'029','Cuquío',1),
(566,14,'030','Chapala',1),
(567,14,'031','Chimaltitán',1),
(568,14,'032','Chiquilistlán',1),
(569,14,'033','Degollado',1),
(570,14,'034','Ejutla',1),
(571,14,'035','Encarnación de Díaz',1),
(572,14,'036','Etzatlán',1),
(573,14,'037','El Grullo',1),
(574,14,'038','Guachinango',1),
(575,14,'039','Guadalajara',1),
(576,14,'040','Hostotipaquillo',1),
(577,14,'041','Huejúcar',1),
(578,14,'042','Huejuquilla el Alto',1),
(579,14,'043','La Huerta',1),
(580,14,'044','Ixtlahuacán de los Membrillos',1),
(581,14,'045','Ixtlahuacán del Río',1),
(582,14,'046','Jalostotitlán',1),
(583,14,'047','Jamay',1),
(584,14,'048','Jesús María',1),
(585,14,'049','Jilotlán de los Dolores',1),
(586,14,'050','Jocotepec',1),
(587,14,'051','Juanacatlán',1),
(588,14,'052','Juchitlán',1),
(589,14,'053','Lagos de Moreno',1),
(590,14,'054','El Limón',1),
(591,14,'055','Magdalena',1),
(592,14,'056','Santa María del Oro',1),
(593,14,'057','La Manzanilla de la Paz',1),
(594,14,'058','Mascota',1),
(595,14,'059','Mazamitla',1),
(596,14,'060','Mexticacán',1),
(597,14,'061','Mezquitic',1),
(598,14,'062','Mixtlán',1),
(599,14,'063','Ocotlán',1),
(600,14,'064','Ojuelos de Jalisco',1),
(601,14,'065','Pihuamo',1),
(602,14,'066','Poncitlán',1),
(603,14,'067','Puerto Vallarta',1),
(604,14,'068','Villa Purificación',1),
(605,14,'069','Quitupan',1),
(606,14,'070','El Salto',1),
(607,14,'071','San Cristóbal de la Barranca',1),
(608,14,'072','San Diego de Alejandría',1),
(609,14,'073','San Juan de los Lagos',1),
(610,14,'074','San Julián',1),
(611,14,'075','San Marcos',1),
(612,14,'076','San Martín de Bolaños',1),
(613,14,'077','San Martín Hidalgo',1),
(614,14,'078','San Miguel el Alto',1),
(615,14,'079','Gómez Farías',1),
(616,14,'080','San Sebastián del Oeste',1),
(617,14,'081','Santa María de los Ángeles',1),
(618,14,'082','Sayula',1),
(619,14,'083','Tala',1),
(620,14,'084','Talpa de Allende',1),
(621,14,'085','Tamazula de Gordiano',1),
(622,14,'086','Tapalpa',1),
(623,14,'087','Tecalitlán',1),
(624,14,'088','Tecolotlán',1),
(625,14,'089','Techaluta de Montenegro',1),
(626,14,'090','Tenamaxtlán',1),
(627,14,'091','Teocaltiche',1),
(628,14,'092','Teocuitatlán de Corona',1),
(629,14,'093','Tepatitlán de Morelos',1),
(630,14,'094','Tequila',1),
(631,14,'095','Teuchitlán',1),
(632,14,'096','Tizapán el Alto',1),
(633,14,'097','Tlajomulco de Zúñiga',1),
(634,14,'098','San Pedro Tlaquepaque',1),
(635,14,'099','Tolimán',1),
(636,14,'100','Tomatlán',1),
(637,14,'101','Tonalá',1),
(638,14,'102','Tonaya',1),
(639,14,'103','Tonila',1),
(640,14,'104','Totatiche',1),
(641,14,'105','Tototlán',1),
(642,14,'106','Tuxcacuesco',1),
(643,14,'107','Tuxcueca',1),
(644,14,'108','Tuxpan',1),
(645,14,'109','Unión de San Antonio',1),
(646,14,'110','Unión de Tula',1),
(647,14,'111','Valle de Guadalupe',1),
(648,14,'112','Valle de Juárez',1),
(649,14,'113','San Gabriel',1),
(650,14,'114','Villa Corona',1),
(651,14,'115','Villa Guerrero',1),
(652,14,'116','Villa Hidalgo',1),
(653,14,'117','Cañadas de Obregón',1),
(654,14,'118','Yahualica de González Gallo',1),
(655,14,'119','Zacoalco de Torres',1),
(656,14,'120','Zapopan',1),
(657,14,'121','Zapotiltic',1),
(658,14,'122','Zapotitlán de Vadillo',1),
(659,14,'123','Zapotlán del Rey',1),
(660,14,'124','Zapotlanejo',1),
(661,14,'125','San Ignacio Cerro Gordo',1),
(662,15,'001','Acambay de Ruíz Castañeda',1),
(663,15,'002','Acolman',1),
(664,15,'003','Aculco',1),
(665,15,'004','Almoloya de Alquisiras',1),
(666,15,'005','Almoloya de Juárez',1),
(667,15,'006','Almoloya del Río',1),
(668,15,'007','Amanalco',1),
(669,15,'008','Amatepec',1),
(670,15,'009','Amecameca',1),
(671,15,'010','Apaxco',1),
(672,15,'011','Atenco',1),
(673,15,'012','Atizapán',1),
(674,15,'013','Atizapán de Zaragoza',1),
(675,15,'014','Atlacomulco',1),
(676,15,'015','Atlautla',1),
(677,15,'016','Axapusco',1),
(678,15,'017','Ayapango',1),
(679,15,'018','Calimaya',1),
(680,15,'019','Capulhuac',1),
(681,15,'020','Coacalco de Berriozábal',1),
(682,15,'021','Coatepec Harinas',1),
(683,15,'022','Cocotitlán',1),
(684,15,'023','Coyotepec',1),
(685,15,'024','Cuautitlán',1),
(686,15,'025','Chalco',1),
(687,15,'026','Chapa de Mota',1),
(688,15,'027','Chapultepec',1),
(689,15,'028','Chiautla',1),
(690,15,'029','Chicoloapan',1),
(691,15,'030','Chiconcuac',1),
(692,15,'031','Chimalhuacán',1),
(693,15,'032','Donato Guerra',1),
(694,15,'033','Ecatepec de Morelos',1),
(695,15,'034','Ecatzingo',1),
(696,15,'035','Huehuetoca',1),
(697,15,'036','Hueypoxtla',1),
(698,15,'037','Huixquilucan',1),
(699,15,'038','Isidro Fabela',1),
(700,15,'039','Ixtapaluca',1),
(701,15,'040','Ixtapan de la Sal',1),
(702,15,'041','Ixtapan del Oro',1),
(703,15,'042','Ixtlahuaca',1),
(704,15,'043','Xalatlaco',1),
(705,15,'044','Jaltenco',1),
(706,15,'045','Jilotepec',1),
(707,15,'046','Jilotzingo',1),
(708,15,'047','Jiquipilco',1),
(709,15,'048','Jocotitlán',1),
(710,15,'049','Joquicingo',1),
(711,15,'050','Juchitepec',1),
(712,15,'051','Lerma',1),
(713,15,'052','Malinalco',1),
(714,15,'053','Melchor Ocampo',1),
(715,15,'054','Metepec',1),
(716,15,'055','Mexicaltzingo',1),
(717,15,'056','Morelos',1),
(718,15,'057','Naucalpan de Juárez',1),
(719,15,'058','Nezahualcóyotl',1),
(720,15,'059','Nextlalpan',1),
(721,15,'060','Nicolás Romero',1),
(722,15,'061','Nopaltepec',1),
(723,15,'062','Ocoyoacac',1),
(724,15,'063','Ocuilan',1),
(725,15,'064','El Oro',1),
(726,15,'065','Otumba',1),
(727,15,'066','Otzoloapan',1),
(728,15,'067','Otzolotepec',1),
(729,15,'068','Ozumba',1),
(730,15,'069','Papalotla',1),
(731,15,'070','La Paz',1),
(732,15,'071','Polotitlán',1),
(733,15,'072','Rayón',1),
(734,15,'073','San Antonio la Isla',1),
(735,15,'074','San Felipe del Progreso',1),
(736,15,'075','San Martín de las Pirámides',1),
(737,15,'076','San Mateo Atenco',1),
(738,15,'077','San Simón de Guerrero',1),
(739,15,'078','Santo Tomás',1),
(740,15,'079','Soyaniquilpan de Juárez',1),
(741,15,'080','Sultepec',1),
(742,15,'081','Tecámac',1),
(743,15,'082','Tejupilco',1),
(744,15,'083','Temamatla',1),
(745,15,'084','Temascalapa',1),
(746,15,'085','Temascalcingo',1),
(747,15,'086','Temascaltepec',1),
(748,15,'087','Temoaya',1),
(749,15,'088','Tenancingo',1),
(750,15,'089','Tenango del Aire',1),
(751,15,'090','Tenango del Valle',1),
(752,15,'091','Teoloyucan',1),
(753,15,'092','Teotihuacán',1),
(754,15,'093','Tepetlaoxtoc',1),
(755,15,'094','Tepetlixpa',1),
(756,15,'095','Tepotzotlán',1),
(757,15,'096','Tequixquiac',1),
(758,15,'097','Texcaltitlán',1),
(759,15,'098','Texcalyacac',1),
(760,15,'099','Texcoco',1),
(761,15,'100','Tezoyuca',1),
(762,15,'101','Tianguistenco',1),
(763,15,'102','Timilpan',1),
(764,15,'103','Tlalmanalco',1),
(765,15,'104','Tlalnepantla de Baz',1),
(766,15,'105','Tlatlaya',1),
(767,15,'106','Toluca',1),
(768,15,'107','Tonatico',1),
(769,15,'108','Tultepec',1),
(770,15,'109','Tultitlán',1),
(771,15,'110','Valle de Bravo',1),
(772,15,'111','Villa de Allende',1),
(773,15,'112','Villa del Carbón',1),
(774,15,'113','Villa Guerrero',1),
(775,15,'114','Villa Victoria',1),
(776,15,'115','Xonacatlán',1),
(777,15,'116','Zacazonapan',1),
(778,15,'117','Zacualpan',1),
(779,15,'118','Zinacantepec',1),
(780,15,'119','Zumpahuacán',1),
(781,15,'120','Zumpango',1),
(782,15,'121','Cuautitlán Izcalli',1),
(783,15,'122','Valle de Chalco Solidaridad',1),
(784,15,'123','Luvianos',1),
(785,15,'124','San José del Rincón',1),
(786,15,'125','Tonanitla',1),
(787,16,'001','Acuitzio',1),
(788,16,'002','Aguililla',1),
(789,16,'003','Álvaro Obregón',1),
(790,16,'004','Angamacutiro',1),
(791,16,'005','Angangueo',1),
(792,16,'006','Apatzingán',1),
(793,16,'007','Aporo',1),
(794,16,'008','Aquila',1),
(795,16,'009','Ario',1),
(796,16,'010','Arteaga',1),
(797,16,'011','Briseñas',1),
(798,16,'012','Buenavista',1),
(799,16,'013','Carácuaro',1),
(800,16,'014','Coahuayana',1),
(801,16,'015','Coalcomán de Vázquez Pallares',1),
(802,16,'016','Coeneo',1),
(803,16,'017','Contepec',1),
(804,16,'018','Copándaro',1),
(805,16,'019','Cotija',1),
(806,16,'020','Cuitzeo',1),
(807,16,'021','Charapan',1),
(808,16,'022','Charo',1),
(809,16,'023','Chavinda',1),
(810,16,'024','Cherán',1),
(811,16,'025','Chilchota',1),
(812,16,'026','Chinicuila',1),
(813,16,'027','Chucándiro',1),
(814,16,'028','Churintzio',1),
(815,16,'029','Churumuco',1),
(816,16,'030','Ecuandureo',1),
(817,16,'031','Epitacio Huerta',1),
(818,16,'032','Erongarícuaro',1),
(819,16,'033','Gabriel Zamora',1),
(820,16,'034','Hidalgo',1),
(821,16,'035','La Huacana',1),
(822,16,'036','Huandacareo',1),
(823,16,'037','Huaniqueo',1),
(824,16,'038','Huetamo',1),
(825,16,'039','Huiramba',1),
(826,16,'040','Indaparapeo',1),
(827,16,'041','Irimbo',1),
(828,16,'042','Ixtlán',1),
(829,16,'043','Jacona',1),
(830,16,'044','Jiménez',1),
(831,16,'045','Jiquilpan',1),
(832,16,'046','Juárez',1),
(833,16,'047','Jungapeo',1),
(834,16,'048','Lagunillas',1),
(835,16,'049','Madero',1),
(836,16,'050','Maravatío',1),
(837,16,'051','Marcos Castellanos',1),
(838,16,'052','Lázaro Cárdenas',1),
(839,16,'053','Morelia',1),
(840,16,'054','Morelos',1),
(841,16,'055','Múgica',1),
(842,16,'056','Nahuatzen',1),
(843,16,'057','Nocupétaro',1),
(844,16,'058','Nuevo Parangaricutiro',1),
(845,16,'059','Nuevo Urecho',1),
(846,16,'060','Numarán',1),
(847,16,'061','Ocampo',1),
(848,16,'062','Pajacuarán',1),
(849,16,'063','Panindícuaro',1),
(850,16,'064','Parácuaro',1),
(851,16,'065','Paracho',1),
(852,16,'066','Pátzcuaro',1),
(853,16,'067','Penjamillo',1),
(854,16,'068','Peribán',1),
(855,16,'069','La Piedad',1),
(856,16,'070','Purépero',1),
(857,16,'071','Puruándiro',1),
(858,16,'072','Queréndaro',1),
(859,16,'073','Quiroga',1),
(860,16,'074','Cojumatlán de Régules',1),
(861,16,'075','Los Reyes',1),
(862,16,'076','Sahuayo',1),
(863,16,'077','San Lucas',1),
(864,16,'078','Santa Ana Maya',1),
(865,16,'079','Salvador Escalante',1),
(866,16,'080','Senguio',1),
(867,16,'081','Susupuato',1),
(868,16,'082','Tacámbaro',1),
(869,16,'083','Tancítaro',1),
(870,16,'084','Tangamandapio',1),
(871,16,'085','Tangancícuaro',1),
(872,16,'086','Tanhuato',1),
(873,16,'087','Taretan',1),
(874,16,'088','Tarímbaro',1),
(875,16,'089','Tepalcatepec',1),
(876,16,'090','Tingambato',1),
(877,16,'091','Tingüindín',1),
(878,16,'092','Tiquicheo de Nicolás Romero',1),
(879,16,'093','Tlalpujahua',1),
(880,16,'094','Tlazazalca',1),
(881,16,'095','Tocumbo',1),
(882,16,'096','Tumbiscatío',1),
(883,16,'097','Turicato',1),
(884,16,'098','Tuxpan',1),
(885,16,'099','Tuzantla',1),
(886,16,'100','Tzintzuntzan',1),
(887,16,'101','Tzitzio',1),
(888,16,'102','Uruapan',1),
(889,16,'103','Venustiano Carranza',1),
(890,16,'104','Villamar',1),
(891,16,'105','Vista Hermosa',1),
(892,16,'106','Yurécuaro',1),
(893,16,'107','Zacapu',1),
(894,16,'108','Zamora',1),
(895,16,'109','Zináparo',1),
(896,16,'110','Zinapécuaro',1),
(897,16,'111','Ziracuaretiro',1),
(898,16,'112','Zitácuaro',1),
(899,16,'113','José Sixto Verduzco',1),
(900,17,'001','Amacuzac',1),
(901,17,'002','Atlatlahucan',1),
(902,17,'003','Axochiapan',1),
(903,17,'004','Ayala',1),
(904,17,'005','Coatlán del Río',1),
(905,17,'006','Cuautla',1),
(906,17,'007','Cuernavaca',1),
(907,17,'008','Emiliano Zapata',1),
(908,17,'009','Huitzilac',1),
(909,17,'010','Jantetelco',1),
(910,17,'011','Jiutepec',1),
(911,17,'012','Jojutla',1),
(912,17,'013','Jonacatepec de Leandro Valle',1),
(913,17,'014','Mazatepec',1),
(914,17,'015','Miacatlán',1),
(915,17,'016','Ocuituco',1),
(916,17,'017','Puente de Ixtla',1),
(917,17,'018','Temixco',1),
(918,17,'019','Tepalcingo',1),
(919,17,'020','Tepoztlán',1),
(920,17,'021','Tetecala',1),
(921,17,'022','Tetela del Volcán',1),
(922,17,'023','Tlalnepantla',1),
(923,17,'024','Tlaltizapán de Zapata',1),
(924,17,'025','Tlaquiltenango',1),
(925,17,'026','Tlayacapan',1),
(926,17,'027','Totolapan',1),
(927,17,'028','Xochitepec',1),
(928,17,'029','Yautepec',1),
(929,17,'030','Yecapixtla',1),
(930,17,'031','Zacatepec',1),
(931,17,'032','Zacualpan de Amilpas',1),
(932,17,'033','Temoac',1),
(933,18,'001','Acaponeta',1),
(934,18,'002','Ahuacatlán',1),
(935,18,'003','Amatlán de Cañas',1),
(936,18,'004','Compostela',1),
(937,18,'005','Huajicori',1),
(938,18,'006','Ixtlán del Río',1),
(939,18,'007','Jala',1),
(940,18,'008','Xalisco',1),
(941,18,'009','Del Nayar',1),
(942,18,'010','Rosamorada',1),
(943,18,'011','Ruíz',1),
(944,18,'012','San Blas',1),
(945,18,'013','San Pedro Lagunillas',1),
(946,18,'014','Santa María del Oro',1),
(947,18,'015','Santiago Ixcuintla',1),
(948,18,'016','Tecuala',1),
(949,18,'017','Tepic',1),
(950,18,'018','Tuxpan',1),
(951,18,'019','La Yesca',1),
(952,18,'020','Bahía de Banderas',1),
(953,19,'001','Abasolo',1),
(954,19,'002','Agualeguas',1),
(955,19,'003','Los Aldamas',1),
(956,19,'004','Allende',1),
(957,19,'005','Anáhuac',1),
(958,19,'006','Apodaca',1),
(959,19,'007','Aramberri',1),
(960,19,'008','Bustamante',1),
(961,19,'009','Cadereyta Jiménez',1),
(962,19,'010','El Carmen',1),
(963,19,'011','Cerralvo',1),
(964,19,'012','Ciénega de Flores',1),
(965,19,'013','China',1),
(966,19,'014','Doctor Arroyo',1),
(967,19,'015','Doctor Coss',1),
(968,19,'016','Doctor González',1),
(969,19,'017','Galeana',1),
(970,19,'018','García',1),
(971,19,'019','San Pedro Garza García',1),
(972,19,'020','General Bravo',1),
(973,19,'021','General Escobedo',1),
(974,19,'022','General Terán',1),
(975,19,'023','General Treviño',1),
(976,19,'024','General Zaragoza',1),
(977,19,'025','General Zuazua',1),
(978,19,'026','Guadalupe',1),
(979,19,'027','Los Herreras',1),
(980,19,'028','Higueras',1),
(981,19,'029','Hualahuises',1),
(982,19,'030','Iturbide',1),
(983,19,'031','Juárez',1),
(984,19,'032','Lampazos de Naranjo',1),
(985,19,'033','Linares',1),
(986,19,'034','Marín',1),
(987,19,'035','Melchor Ocampo',1),
(988,19,'036','Mier y Noriega',1),
(989,19,'037','Mina',1),
(990,19,'038','Montemorelos',1),
(991,19,'039','Monterrey',1),
(992,19,'040','Parás',1),
(993,19,'041','Pesquería',1),
(994,19,'042','Los Ramones',1),
(995,19,'043','Rayones',1),
(996,19,'044','Sabinas Hidalgo',1),
(997,19,'045','Salinas Victoria',1),
(998,19,'046','San Nicolás de los Garza',1),
(999,19,'047','Hidalgo',1),
(1000,19,'048','Santa Catarina',1),
(1001,19,'049','Santiago',1),
(1002,19,'050','Vallecillo',1),
(1003,19,'051','Villaldama',1),
(1004,20,'001','Abejones',1),
(1005,20,'002','Acatlán de Pérez Figueroa',1),
(1006,20,'003','Asunción Cacalotepec',1),
(1007,20,'004','Asunción Cuyotepeji',1),
(1008,20,'005','Asunción Ixtaltepec',1),
(1009,20,'006','Asunción Nochixtlán',1),
(1010,20,'007','Asunción Ocotlán',1),
(1011,20,'008','Asunción Tlacolulita',1),
(1012,20,'009','Ayotzintepec',1),
(1013,20,'010','El Barrio de la Soledad',1),
(1014,20,'011','Calihualá',1),
(1015,20,'012','Candelaria Loxicha',1),
(1016,20,'013','Ciénega de Zimatlán',1),
(1017,20,'014','Ciudad Ixtepec',1),
(1018,20,'015','Coatecas Altas',1),
(1019,20,'016','Coicoyán de las Flores',1),
(1020,20,'017','La Compañía',1),
(1021,20,'018','Concepción Buenavista',1),
(1022,20,'019','Concepción Pápalo',1),
(1023,20,'020','Constancia del Rosario',1),
(1024,20,'021','Cosolapa',1),
(1025,20,'022','Cosoltepec',1),
(1026,20,'023','Cuilápam de Guerrero',1),
(1027,20,'024','Cuyamecalco Villa de Zaragoza',1),
(1028,20,'025','Chahuites',1),
(1029,20,'026','Chalcatongo de Hidalgo',1),
(1030,20,'027','Chiquihuitlán de Benito Juárez',1),
(1031,20,'028','Heroica Ciudad de Ejutla de Crespo',1),
(1032,20,'029','Eloxochitlán de Flores Magón',1),
(1033,20,'030','El Espinal',1),
(1034,20,'031','Tamazulápam del Espíritu Santo',1),
(1035,20,'032','Fresnillo de Trujano',1),
(1036,20,'033','Guadalupe Etla',1),
(1037,20,'034','Guadalupe de Ramírez',1),
(1038,20,'035','Guelatao de Juárez',1),
(1039,20,'036','Guevea de Humboldt',1),
(1040,20,'037','Mesones Hidalgo',1),
(1041,20,'038','Villa Hidalgo',1),
(1042,20,'039','Heroica Ciudad de Huajuapan de León',1),
(1043,20,'040','Huautepec',1),
(1044,20,'041','Huautla de Jiménez',1),
(1045,20,'042','Ixtlán de Juárez',1),
(1046,20,'043','Heroica Ciudad de Juchitán de Zaragoza',1),
(1047,20,'044','Loma Bonita',1),
(1048,20,'045','Magdalena Apasco',1),
(1049,20,'046','Magdalena Jaltepec',1),
(1050,20,'047','Santa Magdalena Jicotlán',1),
(1051,20,'048','Magdalena Mixtepec',1),
(1052,20,'049','Magdalena Ocotlán',1),
(1053,20,'050','Magdalena Peñasco',1),
(1054,20,'051','Magdalena Teitipac',1),
(1055,20,'052','Magdalena Tequisistlán',1),
(1056,20,'053','Magdalena Tlacotepec',1),
(1057,20,'054','Magdalena Zahuatlán',1),
(1058,20,'055','Mariscala de Juárez',1),
(1059,20,'056','Mártires de Tacubaya',1),
(1060,20,'057','Matías Romero Avendaño',1),
(1061,20,'058','Mazatlán Villa de Flores',1),
(1062,20,'059','Miahuatlán de Porfirio Díaz',1),
(1063,20,'060','Mixistlán de la Reforma',1),
(1064,20,'061','Monjas',1),
(1065,20,'062','Natividad',1),
(1066,20,'063','Nazareno Etla',1),
(1067,20,'064','Nejapa de Madero',1),
(1068,20,'065','Ixpantepec Nieves',1),
(1069,20,'066','Santiago Niltepec',1),
(1070,20,'067','Oaxaca de Juárez',1),
(1071,20,'068','Ocotlán de Morelos',1),
(1072,20,'069','La Pe',1),
(1073,20,'070','Pinotepa de Don Luis',1),
(1074,20,'071','Pluma Hidalgo',1),
(1075,20,'072','San José del Progreso',1),
(1076,20,'073','Putla Villa de Guerrero',1),
(1077,20,'074','Santa Catarina Quioquitani',1),
(1078,20,'075','Reforma de Pineda',1),
(1079,20,'076','La Reforma',1),
(1080,20,'077','Reyes Etla',1),
(1081,20,'078','Rojas de Cuauhtémoc',1),
(1082,20,'079','Salina Cruz',1),
(1083,20,'080','San Agustín Amatengo',1),
(1084,20,'081','San Agustín Atenango',1),
(1085,20,'082','San Agustín Chayuco',1),
(1086,20,'083','San Agustín de las Juntas',1),
(1087,20,'084','San Agustín Etla',1),
(1088,20,'085','San Agustín Loxicha',1),
(1089,20,'086','San Agustín Tlacotepec',1),
(1090,20,'087','San Agustín Yatareni',1),
(1091,20,'088','San Andrés Cabecera Nueva',1),
(1092,20,'089','San Andrés Dinicuiti',1),
(1093,20,'090','San Andrés Huaxpaltepec',1),
(1094,20,'091','San Andrés Huayápam',1),
(1095,20,'092','San Andrés Ixtlahuaca',1),
(1096,20,'093','San Andrés Lagunas',1),
(1097,20,'094','San Andrés Nuxiño',1),
(1098,20,'095','San Andrés Paxtlán',1),
(1099,20,'096','San Andrés Sinaxtla',1),
(1100,20,'097','San Andrés Solaga',1),
(1101,20,'098','San Andrés Teotilálpam',1),
(1102,20,'099','San Andrés Tepetlapa',1),
(1103,20,'100','San Andrés Yaá',1),
(1104,20,'101','San Andrés Zabache',1),
(1105,20,'102','San Andrés Zautla',1),
(1106,20,'103','San Antonino Castillo Velasco',1),
(1107,20,'104','San Antonino el Alto',1),
(1108,20,'105','San Antonino Monte Verde',1),
(1109,20,'106','San Antonio Acutla',1),
(1110,20,'107','San Antonio de la Cal',1),
(1111,20,'108','San Antonio Huitepec',1),
(1112,20,'109','San Antonio Nanahuatípam',1),
(1113,20,'110','San Antonio Sinicahua',1),
(1114,20,'111','San Antonio Tepetlapa',1),
(1115,20,'112','San Baltazar Chichicápam',1),
(1116,20,'113','San Baltazar Loxicha',1),
(1117,20,'114','San Baltazar Yatzachi el Bajo',1),
(1118,20,'115','San Bartolo Coyotepec',1),
(1119,20,'116','San Bartolomé Ayautla',1),
(1120,20,'117','San Bartolomé Loxicha',1),
(1121,20,'118','San Bartolomé Quialana',1),
(1122,20,'119','San Bartolomé Yucuañe',1),
(1123,20,'120','San Bartolomé Zoogocho',1),
(1124,20,'121','San Bartolo Soyaltepec',1),
(1125,20,'122','San Bartolo Yautepec',1),
(1126,20,'123','San Bernardo Mixtepec',1),
(1127,20,'124','San Blas Atempa',1),
(1128,20,'125','San Carlos Yautepec',1),
(1129,20,'126','San Cristóbal Amatlán',1),
(1130,20,'127','San Cristóbal Amoltepec',1),
(1131,20,'128','San Cristóbal Lachirioag',1),
(1132,20,'129','San Cristóbal Suchixtlahuaca',1),
(1133,20,'130','San Dionisio del Mar',1),
(1134,20,'131','San Dionisio Ocotepec',1),
(1135,20,'132','San Dionisio Ocotlán',1),
(1136,20,'133','San Esteban Atatlahuca',1),
(1137,20,'134','San Felipe Jalapa de Díaz',1),
(1138,20,'135','San Felipe Tejalápam',1),
(1139,20,'136','San Felipe Usila',1),
(1140,20,'137','San Francisco Cahuacuá',1),
(1141,20,'138','San Francisco Cajonos',1),
(1142,20,'139','San Francisco Chapulapa',1),
(1143,20,'140','San Francisco Chindúa',1),
(1144,20,'141','San Francisco del Mar',1),
(1145,20,'142','San Francisco Huehuetlán',1),
(1146,20,'143','San Francisco Ixhuatán',1),
(1147,20,'144','San Francisco Jaltepetongo',1),
(1148,20,'145','San Francisco Lachigoló',1),
(1149,20,'146','San Francisco Logueche',1),
(1150,20,'147','San Francisco Nuxaño',1),
(1151,20,'148','San Francisco Ozolotepec',1),
(1152,20,'149','San Francisco Sola',1),
(1153,20,'150','San Francisco Telixtlahuaca',1),
(1154,20,'151','San Francisco Teopan',1),
(1155,20,'152','San Francisco Tlapancingo',1),
(1156,20,'153','San Gabriel Mixtepec',1),
(1157,20,'154','San Ildefonso Amatlán',1),
(1158,20,'155','San Ildefonso Sola',1),
(1159,20,'156','San Ildefonso Villa Alta',1),
(1160,20,'157','San Jacinto Amilpas',1),
(1161,20,'158','San Jacinto Tlacotepec',1),
(1162,20,'159','San Jerónimo Coatlán',1),
(1163,20,'160','San Jerónimo Silacayoapilla',1),
(1164,20,'161','San Jerónimo Sosola',1),
(1165,20,'162','San Jerónimo Taviche',1),
(1166,20,'163','San Jerónimo Tecóatl',1),
(1167,20,'164','San Jorge Nuchita',1),
(1168,20,'165','San José Ayuquila',1),
(1169,20,'166','San José Chiltepec',1),
(1170,20,'167','San José del Peñasco',1),
(1171,20,'168','San José Estancia Grande',1),
(1172,20,'169','San José Independencia',1),
(1173,20,'170','San José Lachiguiri',1),
(1174,20,'171','San José Tenango',1),
(1175,20,'172','San Juan Achiutla',1),
(1176,20,'173','San Juan Atepec',1),
(1177,20,'174','Ánimas Trujano',1),
(1178,20,'175','San Juan Bautista Atatlahuca',1),
(1179,20,'176','San Juan Bautista Coixtlahuaca',1),
(1180,20,'177','San Juan Bautista Cuicatlán',1),
(1181,20,'178','San Juan Bautista Guelache',1),
(1182,20,'179','San Juan Bautista Jayacatlán',1),
(1183,20,'180','San Juan Bautista Lo de Soto',1),
(1184,20,'181','San Juan Bautista Suchitepec',1),
(1185,20,'182','San Juan Bautista Tlacoatzintepec',1),
(1186,20,'183','San Juan Bautista Tlachichilco',1),
(1187,20,'184','San Juan Bautista Tuxtepec',1),
(1188,20,'185','San Juan Cacahuatepec',1),
(1189,20,'186','San Juan Cieneguilla',1),
(1190,20,'187','San Juan Coatzóspam',1),
(1191,20,'188','San Juan Colorado',1),
(1192,20,'189','San Juan Comaltepec',1),
(1193,20,'190','San Juan Cotzocón',1),
(1194,20,'191','San Juan Chicomezúchil',1),
(1195,20,'192','San Juan Chilateca',1),
(1196,20,'193','San Juan del Estado',1),
(1197,20,'194','San Juan del Río',1),
(1198,20,'195','San Juan Diuxi',1),
(1199,20,'196','San Juan Evangelista Analco',1),
(1200,20,'197','San Juan Guelavía',1),
(1201,20,'198','San Juan Guichicovi',1),
(1202,20,'199','San Juan Ihualtepec',1),
(1203,20,'200','San Juan Juquila Mixes',1),
(1204,20,'201','San Juan Juquila Vijanos',1),
(1205,20,'202','San Juan Lachao',1),
(1206,20,'203','San Juan Lachigalla',1),
(1207,20,'204','San Juan Lajarcia',1),
(1208,20,'205','San Juan Lalana',1),
(1209,20,'206','San Juan de los Cués',1),
(1210,20,'207','San Juan Mazatlán',1),
(1211,20,'208','San Juan Mixtepec',1),
(1212,20,'209','San Juan Mixtepec',1),
(1213,20,'210','San Juan Ñumí',1),
(1214,20,'211','San Juan Ozolotepec',1),
(1215,20,'212','San Juan Petlapa',1),
(1216,20,'213','San Juan Quiahije',1),
(1217,20,'214','San Juan Quiotepec',1),
(1218,20,'215','San Juan Sayultepec',1),
(1219,20,'216','San Juan Tabaá',1),
(1220,20,'217','San Juan Tamazola',1),
(1221,20,'218','San Juan Teita',1),
(1222,20,'219','San Juan Teitipac',1),
(1223,20,'220','San Juan Tepeuxila',1),
(1224,20,'221','San Juan Teposcolula',1),
(1225,20,'222','San Juan Yaeé',1),
(1226,20,'223','San Juan Yatzona',1),
(1227,20,'224','San Juan Yucuita',1),
(1228,20,'225','San Lorenzo',1),
(1229,20,'226','San Lorenzo Albarradas',1),
(1230,20,'227','San Lorenzo Cacaotepec',1),
(1231,20,'228','San Lorenzo Cuaunecuiltitla',1),
(1232,20,'229','San Lorenzo Texmelúcan',1),
(1233,20,'230','San Lorenzo Victoria',1),
(1234,20,'231','San Lucas Camotlán',1),
(1235,20,'232','San Lucas Ojitlán',1),
(1236,20,'233','San Lucas Quiaviní',1),
(1237,20,'234','San Lucas Zoquiápam',1),
(1238,20,'235','San Luis Amatlán',1),
(1239,20,'236','San Marcial Ozolotepec',1),
(1240,20,'237','San Marcos Arteaga',1),
(1241,20,'238','San Martín de los Cansecos',1),
(1242,20,'239','San Martín Huamelúlpam',1),
(1243,20,'240','San Martín Itunyoso',1),
(1244,20,'241','San Martín Lachilá',1),
(1245,20,'242','San Martín Peras',1),
(1246,20,'243','San Martín Tilcajete',1),
(1247,20,'244','San Martín Toxpalan',1),
(1248,20,'245','San Martín Zacatepec',1),
(1249,20,'246','San Mateo Cajonos',1),
(1250,20,'247','Capulálpam de Méndez',1),
(1251,20,'248','San Mateo del Mar',1),
(1252,20,'249','San Mateo Yoloxochitlán',1),
(1253,20,'250','San Mateo Etlatongo',1),
(1254,20,'251','San Mateo Nejápam',1),
(1255,20,'252','San Mateo Peñasco',1),
(1256,20,'253','San Mateo Piñas',1),
(1257,20,'254','San Mateo Río Hondo',1),
(1258,20,'255','San Mateo Sindihui',1),
(1259,20,'256','San Mateo Tlapiltepec',1),
(1260,20,'257','San Melchor Betaza',1),
(1261,20,'258','San Miguel Achiutla',1),
(1262,20,'259','San Miguel Ahuehuetitlán',1),
(1263,20,'260','San Miguel Aloápam',1),
(1264,20,'261','San Miguel Amatitlán',1),
(1265,20,'262','San Miguel Amatlán',1),
(1266,20,'263','San Miguel Coatlán',1),
(1267,20,'264','San Miguel Chicahua',1),
(1268,20,'265','San Miguel Chimalapa',1),
(1269,20,'266','San Miguel del Puerto',1),
(1270,20,'267','San Miguel del Río',1),
(1271,20,'268','San Miguel Ejutla',1),
(1272,20,'269','San Miguel el Grande',1),
(1273,20,'270','San Miguel Huautla',1),
(1274,20,'271','San Miguel Mixtepec',1),
(1275,20,'272','San Miguel Panixtlahuaca',1),
(1276,20,'273','San Miguel Peras',1),
(1277,20,'274','San Miguel Piedras',1),
(1278,20,'275','San Miguel Quetzaltepec',1),
(1279,20,'276','San Miguel Santa Flor',1),
(1280,20,'277','Villa Sola de Vega',1),
(1281,20,'278','San Miguel Soyaltepec',1),
(1282,20,'279','San Miguel Suchixtepec',1),
(1283,20,'280','Villa Talea de Castro',1),
(1284,20,'281','San Miguel Tecomatlán',1),
(1285,20,'282','San Miguel Tenango',1),
(1286,20,'283','San Miguel Tequixtepec',1),
(1287,20,'284','San Miguel Tilquiápam',1),
(1288,20,'285','San Miguel Tlacamama',1),
(1289,20,'286','San Miguel Tlacotepec',1),
(1290,20,'287','San Miguel Tulancingo',1),
(1291,20,'288','San Miguel Yotao',1),
(1292,20,'289','San Nicolás',1),
(1293,20,'290','San Nicolás Hidalgo',1),
(1294,20,'291','San Pablo Coatlán',1),
(1295,20,'292','San Pablo Cuatro Venados',1),
(1296,20,'293','San Pablo Etla',1),
(1297,20,'294','San Pablo Huitzo',1),
(1298,20,'295','San Pablo Huixtepec',1),
(1299,20,'296','San Pablo Macuiltianguis',1),
(1300,20,'297','San Pablo Tijaltepec',1),
(1301,20,'298','San Pablo Villa de Mitla',1),
(1302,20,'299','San Pablo Yaganiza',1),
(1303,20,'300','San Pedro Amuzgos',1),
(1304,20,'301','San Pedro Apóstol',1),
(1305,20,'302','San Pedro Atoyac',1),
(1306,20,'303','San Pedro Cajonos',1),
(1307,20,'304','San Pedro Coxcaltepec Cántaros',1),
(1308,20,'305','San Pedro Comitancillo',1),
(1309,20,'306','San Pedro el Alto',1),
(1310,20,'307','San Pedro Huamelula',1),
(1311,20,'308','San Pedro Huilotepec',1),
(1312,20,'309','San Pedro Ixcatlán',1),
(1313,20,'310','San Pedro Ixtlahuaca',1),
(1314,20,'311','San Pedro Jaltepetongo',1),
(1315,20,'312','San Pedro Jicayán',1),
(1316,20,'313','San Pedro Jocotipac',1),
(1317,20,'314','San Pedro Juchatengo',1),
(1318,20,'315','San Pedro Mártir',1),
(1319,20,'316','San Pedro Mártir Quiechapa',1),
(1320,20,'317','San Pedro Mártir Yucuxaco',1),
(1321,20,'318','San Pedro Mixtepec',1),
(1322,20,'319','San Pedro Mixtepec',1),
(1323,20,'320','San Pedro Molinos',1),
(1324,20,'321','San Pedro Nopala',1),
(1325,20,'322','San Pedro Ocopetatillo',1),
(1326,20,'323','San Pedro Ocotepec',1),
(1327,20,'324','San Pedro Pochutla',1),
(1328,20,'325','San Pedro Quiatoni',1),
(1329,20,'326','San Pedro Sochiápam',1),
(1330,20,'327','San Pedro Tapanatepec',1),
(1331,20,'328','San Pedro Taviche',1),
(1332,20,'329','San Pedro Teozacoalco',1),
(1333,20,'330','San Pedro Teutila',1),
(1334,20,'331','San Pedro Tidaá',1),
(1335,20,'332','San Pedro Topiltepec',1),
(1336,20,'333','San Pedro Totolápam',1),
(1337,20,'334','Villa de Tututepec',1),
(1338,20,'335','San Pedro Yaneri',1),
(1339,20,'336','San Pedro Yólox',1),
(1340,20,'337','San Pedro y San Pablo Ayutla',1),
(1341,20,'338','Villa de Etla',1),
(1342,20,'339','San Pedro y San Pablo Teposcolula',1),
(1343,20,'340','San Pedro y San Pablo Tequixtepec',1),
(1344,20,'341','San Pedro Yucunama',1),
(1345,20,'342','San Raymundo Jalpan',1),
(1346,20,'343','San Sebastián Abasolo',1),
(1347,20,'344','San Sebastián Coatlán',1),
(1348,20,'345','San Sebastián Ixcapa',1),
(1349,20,'346','San Sebastián Nicananduta',1),
(1350,20,'347','San Sebastián Río Hondo',1),
(1351,20,'348','San Sebastián Tecomaxtlahuaca',1),
(1352,20,'349','San Sebastián Teitipac',1),
(1353,20,'350','San Sebastián Tutla',1),
(1354,20,'351','San Simón Almolongas',1),
(1355,20,'352','San Simón Zahuatlán',1),
(1356,20,'353','Santa Ana',1),
(1357,20,'354','Santa Ana Ateixtlahuaca',1),
(1358,20,'355','Santa Ana Cuauhtémoc',1),
(1359,20,'356','Santa Ana del Valle',1);

/*Table structure for table `tbl_pre_cursos` */

DROP TABLE IF EXISTS `tbl_pre_cursos`;

CREATE TABLE `tbl_pre_cursos` (
  `id_pre_curso` int(11) NOT NULL AUTO_INCREMENT,
  `tipo_curso` int(1) NOT NULL,
  `nombre_institucion` int(190) DEFAULT NULL,
  `id_curso` int(11) NOT NULL,
  `fecha_curso` date NOT NULL,
  `ubicacion_curso` text COLLATE utf8_spanish_ci NOT NULL,
  `id_estado` int(11) NOT NULL,
  `id_municipio` int(11) DEFAULT NULL,
  `n_participantes_t` int(5) DEFAULT NULL,
  `id_factura_manuales` int(11) DEFAULT NULL,
  `cantidad_manuales` int(11) DEFAULT NULL,
  `precio_tentativo` decimal(10,2) NOT NULL,
  `id_cartel` int(11) NOT NULL,
  PRIMARY KEY (`id_pre_curso`)
) ENGINE=InnoDB DEFAULT CHARSET=utf8 COLLATE=utf8_spanish_ci;

/*Data for the table `tbl_pre_cursos` */

/*Table structure for table `tbl_sesiones` */

DROP TABLE IF EXISTS `tbl_sesiones`;

CREATE TABLE `tbl_sesiones` (
  `id_sesion` int(11) NOT NULL AUTO_INCREMENT,
  `ip_address` varchar(45) COLLATE utf8_spanish_ci DEFAULT NULL,
  `timestamp` int(10) DEFAULT NULL,
  `data` blob DEFAULT NULL,
  PRIMARY KEY (`id_sesion`)
) ENGINE=InnoDB DEFAULT CHARSET=utf8 COLLATE=utf8_spanish_ci;

/*Data for the table `tbl_sesiones` */

/*Table structure for table `tbl_tipousuarios` */

DROP TABLE IF EXISTS `tbl_tipousuarios`;

CREATE TABLE `tbl_tipousuarios` (
  `id_tipoUsuario` int(11) NOT NULL AUTO_INCREMENT,
  `tipo_usuario` varchar(150) COLLATE utf8_spanish_ci NOT NULL,
  `visible` tinyint(1) DEFAULT 1,
  PRIMARY KEY (`id_tipoUsuario`)
) ENGINE=InnoDB AUTO_INCREMENT=8 DEFAULT CHARSET=utf8 COLLATE=utf8_spanish_ci;

/*Data for the table `tbl_tipousuarios` */

insert  into `tbl_tipousuarios`(`id_tipoUsuario`,`tipo_usuario`,`visible`) values 
(1,'SuperAdministrador',1),
(2,'Administrador',1),
(3,'Supervisor',1),
(4,'Usuario',1),
(5,'Cliente',1),
(6,'Invitado',0),
(7,'Sede',1);

/*Table structure for table `tbl_usuarios` */

DROP TABLE IF EXISTS `tbl_usuarios`;

CREATE TABLE `tbl_usuarios` (
  `id_usuario` int(11) NOT NULL AUTO_INCREMENT,
  `nombre` varchar(150) COLLATE utf8_spanish_ci NOT NULL,
  `primerApellido` varchar(150) COLLATE utf8_spanish_ci DEFAULT NULL,
  `segundoApellido` varchar(150) COLLATE utf8_spanish_ci DEFAULT NULL,
  `correo` varchar(150) COLLATE utf8_spanish_ci NOT NULL,
  `telefono` varchar(15) COLLATE utf8_spanish_ci DEFAULT NULL,
  `usuario` varchar(150) COLLATE utf8_spanish_ci NOT NULL,
  `contrasenia` varbinary(150) NOT NULL,
  `id_tipoUsuario` int(11) DEFAULT NULL,
  `visible` tinyint(1) DEFAULT 1,
  `date_creado` datetime DEFAULT NULL,
  `date_actualizacion` timestamp NOT NULL DEFAULT current_timestamp() ON UPDATE current_timestamp(),
  `id_usuario_creo` int(11) NOT NULL,
  PRIMARY KEY (`id_usuario`),
  KEY `id_tipoUsuario` (`id_tipoUsuario`),
  KEY `id_usuario_creo` (`id_usuario_creo`),
  CONSTRAINT `tbl_usuarios_ibfk_1` FOREIGN KEY (`id_tipoUsuario`) REFERENCES `tbl_tipousuarios` (`id_tipoUsuario`),
  CONSTRAINT `tbl_usuarios_ibfk_2` FOREIGN KEY (`id_usuario_creo`) REFERENCES `tbl_usuarios` (`id_usuario`)
) ENGINE=InnoDB AUTO_INCREMENT=68 DEFAULT CHARSET=utf8 COLLATE=utf8_spanish_ci;

/*Data for the table `tbl_usuarios` */

insert  into `tbl_usuarios`(`id_usuario`,`nombre`,`primerApellido`,`segundoApellido`,`correo`,`telefono`,`usuario`,`contrasenia`,`id_tipoUsuario`,`visible`,`date_creado`,`date_actualizacion`,`id_usuario_creo`) values 
(1,'OMAR','MARTINEZ','TORRES','omarumtz@gmail.com',NULL,'omaru','0f1ec93f99be6c866b5200c578be1d71',1,1,NULL,'2019-11-27 00:42:12',1),
(67,'ADRIANA','RAMIREZ','MARES','ads@gmail.com','4735976229','adis','56af1302e6e440e4dbcfa3cf0af4887f',2,1,NULL,'2020-01-29 01:38:48',1);

/*!40101 SET SQL_MODE=@OLD_SQL_MODE */;
/*!40014 SET FOREIGN_KEY_CHECKS=@OLD_FOREIGN_KEY_CHECKS */;
/*!40014 SET UNIQUE_CHECKS=@OLD_UNIQUE_CHECKS */;
/*!40111 SET SQL_NOTES=@OLD_SQL_NOTES */;
